"OSrXXb","rllt__details","yi40Hd","RDApEe","rllt__details 2","rllt__details 3","rllt__details 4","rllt__details 5","BI0Dve","if66xd","BI0Dve 2","yYlJEf href","BSaJxc","yYlJEf href 2","UbRuwe"
"OLA","· Electric motor scooter dealer","3.5","(106)","Prayagraj, Uttar Pradesh","· 080 3311 3311","⋅ Closes 10 pm","Open","In-store pick-up","·","Delivery","https://olaelectric.com/experience-centres/book-appointment?utm_source=gmb&utm_medium=cpc&utm_campaign=ec_gmb_listing","Website","https://www.google.com/maps/dir//OLA,+Ganpathy+Tower,+1%2F1%2F6A,+Mayo+Hall+Chauraha,+Agnipath+Colony,+Civil+Lines,+Prayagraj,+Uttar+Pradesh+211001/data=!4m6!4m5!1m1!4e2!1m2!1m1!1s0x399acbc2333fcce7:0xed73829e175b7786?sa=X&ved=1t:57443&ictx=111","Directions"
"Tuk-Tuk Electricals","· Electrical supply store","4.4","(65)","Prayagraj, Uttar Pradesh","· 081151 59993","⋅ Closes 8:30 pm","Open","In-store shopping","·","Delivery","https://www.google.com/maps/dir//Tuk-Tuk+Electricals,+2%2F1D,+Kazipur+Rd,+Naini,+Prayagraj,+Uttar+Pradesh+211008/data=!4m6!4m5!1m1!4e2!1m2!1m1!1s0x39854a7e5a9d1a91:0x7561ef0acb2b8104?sa=X&ved=1t:57443&ictx=111","","","Directions"
"Prabhat Electricals & Electronic","· Electrical supply store","4.4","(24)","Prayagraj, Uttar Pradesh","· 093350 51545","⋅ Closes 8 pm","Open","Delivery","","","https://www.google.com/maps/dir//Prabhat+Electricals+%26+Electronic,+50,+Teliyarganj,+Prayagraj,+Uttar+Pradesh+211004/data=!4m6!4m5!1m1!4e2!1m2!1m1!1s0x399aca7767e83d65:0x54348b7d75057afd?sa=X&ved=1t:57443&ictx=111","","","Directions"
"Dube Electricals","· Electrical supply store","3.7","(39)","Prayagraj, Uttar Pradesh","· 099192 95666","⋅ Closes 8:30 pm","Open","Delivery","","","https://www.google.com/maps/dir//200%2F45,+Dube+Electricals,+Mahatma+Gandhi+Marg,+Civil+Lines,+Prayagraj,+Uttar+Pradesh+211001/data=!4m6!4m5!1m1!4e2!1m2!1m1!1s0x399acad16d98ab95:0x647f177a08e68b29?sa=X&ved=1t:57443&ictx=111","","","Directions"
"Electricity department (bijali vibhag)","· Electrical substation","3.7","(3)","Prayagraj, Uttar Pradesh","","⋅ Closes 4 pm","Open","","","","https://www.google.com/maps/dir//Electricity+department+(bijali+vibhag),+7%2F1,+Shilakhana+Rd,+Rasulabad,+Teliarganj,+Prayagraj,+Uttar+Pradesh+211004/data=!4m6!4m5!1m1!4e2!1m2!1m1!1s0x399acb16d4c0eba7:0xa789e36a3d6350ea?sa=X&ved=1t:57443&ictx=111","","","Directions"
"Laxmi Electricals- electrical maintenance & cctv installations in Allahabad Prayagraj","· Electrical installation service","4.6","(43)","Prayagraj, Uttar Pradesh","· 094539 83073","⋅ Closes 12 am","Open","On-site services","·","Online estimates","https://www.google.com/maps/dir//27b,+Laxmi+Electricals-+electrical+maintenance+%26+cctv+installations+in+Allahabad+Prayagraj,+10k,+Chak+Niratul,+Prayagraj,+Uttar+Pradesh+211016/data=!4m6!4m5!1m1!4e2!1m2!1m1!1s0x399acb5a77e0e1b7:0x7549eda0a9b8923b?sa=X&ved=1t:57443&ictx=111","","","Directions"
"Adarsh Electronics & Electricals - Complete Electrical Solutions Decorative Fancy Lights Showroom in Prayagraj/Water Heater","· Electronics store","4.6","(22)","Prayagraj, Uttar Pradesh","· 094152 15788","⋅ Closes 9 pm","Open","In-store shopping","·","Delivery","https://www.google.com/maps/dir//Adarsh+Electronics+%26+Electricals+-+Complete+Electrical+Solutions+Decorative+Fancy+Lights+Showroom+in+Prayagraj%2FWater+Heater,+17B%2F3B+L.B.S.+Marg,+Dr+Lohia+Rd,+near+Vishal+Mega+Mart,+opp.+to+Madan+Men's,+Prayagraj,+Uttar+Pradesh+211001/data=!4m6!4m5!1m1!4e2!1m2!1m1!1s0x399acbadaa78c44f:0xe15d28a5775a4e7c?sa=X&ved=1t:57443&ictx=111","Website","https://www.facebook.com/AdarshElectronicsAndElectricals/","Directions"
"Purvanchal Vidyut Vitaran Nigam Limited","· Electrical substation","2.6","(16)","Prayagraj, Uttar Pradesh","· 0532 246 6540","","Open now","","","","https://www.google.com/maps/dir//CQMQ%2B9RF+Purvanchal+Vidyut+Vitaran+Nigam+Limited,+Near+By+Rishi+Public+School,+Rajooppur,+Kasari+Masari,+Kalindipuram,+Prayagraj,+Uttar+Pradesh+211011/data=!4m6!4m5!1m1!4e2!1m2!1m1!1s0x399acb52aa3ed801:0x3908a1cfe5df05a6?sa=X&ved=1t:57443&ictx=111","Website","http://puvvnl.up.nic.in/","Directions"
"à¤•à¤¾à¤°à¥à¤¯à¤¾à¤²à¤¯ à¤…à¤§à¤¿à¤¶à¤¾à¤·à¥€à¤…à¤­à¤¿à¤¯à¤‚à¤¤à¤¾ à¤œà¤¾à¤°à¥à¤œà¤Ÿà¤¾à¤‰à¤¨ à¤‡à¤²à¤¾à¤¹à¤¾à¤¬à¤¾à¤¦","Â· Electricity Board","1.8","(12)","Prayagraj, Uttar Pradesh","","","Open now","","","","https://www.google.com/maps/dir//CVX3%2B22V+%E0%A4%95%E0%A4%BE%E0%A4%B0%E0%A5%8D%E0%A4%AF%E0%A4%BE%E0%A4%B2%E0%A4%AF+%E0%A4%85%E0%A4%A7%E0%A4%BF%E0%A4%B6%E0%A4%BE%E0%A4%B7%E0%A5%80%E0%A4%85%E0%A4%AD%E0%A4%BF%E0%A4%AF%E0%A4%82%E0%A4%A4%E0%A4%BE+%E0%A4%9C%E0%A4%BE%E0%A4%B0%E0%A5%8D%E0%A4%9C%E0%A4%9F%E0%A4%BE%E0%A4%89%E0%A4%A8+%E0%A4%87%E0%A4%B2%E0%A4%BE%E0%A4%B9%E0%A4%BE%E0%A4%AC%E0%A4%BE%E0%A4%A6,+Medical+Chauraha,+George+Town,+Prayagraj,+Uttar+Pradesh+211001/data=!4m6!4m5!1m1!4e2!1m2!1m1!1s0x399acbee9071f94d:0x701bc7345891a8ca?sa=X&ved=1t:57443&ictx=111","","","Directions"
"Trivenipuram Power House & SDO Office","· Power station","2.2","(19)","Chak Hariharban, Uttar Pradesh","","","Open 24 hours","","","","https://www.google.com/maps/dir//CWCJ%2BRVM+Trivenipuram+Power+House+%26+SDO+Office,+Chak+Hariharban,+Uttar+Pradesh+211019/data=!4m6!4m5!1m1!4e2!1m2!1m1!1s0x39854b4098af3317:0xf76f4acfe8271b12?sa=X&ved=1t:57443&ictx=111","","","Directions"
"Jai Durga Electrical & fancy light","· Electrical supply store","4.3","(3)","Prayagraj, Uttar Pradesh","· 079055 63323","⋅ Closes 9 pm","Open","In-store shopping","·","Delivery","https://www.google.com/maps/dir//Jai+Durga+Electrical+%26+fancy+light,+Harwara,+Dhoomanganj,+Prayagraj,+Uttar+Pradesh+211011/data=!4m6!4m5!1m1!4e2!1m2!1m1!1s0x399acca0dff1bf69:0xc3fc0c197f266dc2?sa=X&ved=1t:57443&ictx=111","","","Directions"
"HAVELLS SHOP","· Electrical supply store","4.2","(23)","Prayagraj, Uttar Pradesh","· 073884 79099","⋅ Closes 9 pm","Open","In-store shopping","·","Delivery","https://www.google.com/maps/dir//HAVELLS+SHOP,+1A.44A%2F36,HOT+STUFF+CHAURAHA,+ELGIN+ROAD,+Civil+Lines,+Prayagraj,+Uttar+Pradesh+211001/data=!4m6!4m5!1m1!4e2!1m2!1m1!1s0x399acac357f79093:0x5ba571e625163b2a?sa=X&ved=1t:57443&ictx=111","","","Directions"
"Jain Electric House","· Electrical supply store","3.4","(10)","Prayagraj, Uttar Pradesh","· 098893 63636","⋅ Closes 9 pm","Open","In-store shopping","·","Delivery","https://www.google.com/maps/dir//17,+Jain+Electric+House,+Allahabad+Inter+College,+SC+Basu+Rd,+Prayagraj,+Uttar+Pradesh+211003/data=!4m6!4m5!1m1!4e2!1m2!1m1!1s0x399acacc75afaa41:0xb4cbf08b1a9a3647?sa=X&ved=1t:57443&ictx=111","","","Directions"
"Amar Electricals Sales","· Electrical products wholesaler","3.7","(31)","Prayagraj, Uttar Pradesh","· 094152 37647","⋅ Closes 8:30 pm","Open","","","","https://www.google.com/maps/dir//Amar+Electricals+Sales,+Ved+Market,+132%2F116,+HEWETT+ROAD,+Swami+Vivekanand+Marg,+Prayagraj,+Uttar+Pradesh+211003/data=!4m6!4m5!1m1!4e2!1m2!1m1!1s0x399acbaded2348e9:0x3d92cdf5962bb429?sa=X&ved=1t:57443&ictx=111","Website","https://amarelectricalsales.com/","Directions"
"Balaji Earthing Store","· Electrical supply store","3.0","(2)","New Delhi, Delhi","· 092507 32037","⋅ Closes 8 pm","Open","In-store shopping","·","Delivery","https://www.google.com/maps/dir//1564,+Balaji+Earthing+Store,+1,+Gurudwara+Rd,+near+Allahabad+Bank,+Tula+Nagar,+Kotla+Mubarakpur,+New+Delhi,+Delhi+110049/data=!4m6!4m5!1m1!4e2!1m2!1m1!1s0x390ce25b79e9fb89:0x29f270f208be7822?sa=X&ved=1t:57443&ictx=111","","","Directions"
"Maya Agencies","· Electrical & Electronics Stores","4.1","(22)","Prayagraj, Uttar Pradesh","· 099184 08638","⋅ Closes 9 pm","Open","In-store shopping","·","Delivery","https://www.google.com/maps/dir//13%2F24,+Maya+Agencies,+The+Adelphi,+Allen+Ganj,+Prayagraj,+Uttar+Pradesh+211002/data=!4m6!4m5!1m1!4e2!1m2!1m1!1s0x399aca9e3278f411:0x9980b30428bc5f48?sa=X&ved=1t:57443&ictx=111","","","Directions"
"Anurag Electricals","· Electrical supply store","4.6","(8)","Prayagraj, Uttar Pradesh","· 0532 254 8749","⋅ Closes 9 pm","Open","In-store shopping","·","Delivery","https://www.google.com/maps/dir//649,+Ground+Floor,+Anurag+Electricals,+Old+Katra,+Prayagraj,+Uttar+Pradesh+211002/data=!4m6!4m5!1m1!4e2!1m2!1m1!1s0x399aca9775ce8dcd:0x6ca90d8a8c25af7a?sa=X&ved=1t:57443&ictx=111","","","Directions"
"Epicsun Power Solution","· Solar Energy Company","5.0","(8)","Prayagraj, Uttar Pradesh","· 073980 19971","⋅ Closes 6 pm","Open","","","","https://www.google.com/maps/dir//Epicsun+Power+Solution,+84%2F6+B,+Nawab+Yusuf+Rd,+Civil+Lines,+Prayagraj,+Uttar+Pradesh+211001/data=!4m6!4m5!1m1!4e2!1m2!1m1!1s0x399acb26fa3ef6b1:0x3773d68736a30ed2?sa=X&ved=1t:57443&ictx=111","","","Directions"
"Sanjay Light house and Band","· Band","4.3","(31)","Prayagraj, Uttar Pradesh","· 094152 16288","⋅ Closes 9 pm","Open","","","","https://www.google.com/maps/dir//Sanjay+Light+house+and+Band,+Kutchery+Rd,+Old+Katra,+Prayagraj,+Uttar+Pradesh+211002/data=!4m6!4m5!1m1!4e2!1m2!1m1!1s0x399aca9102849609:0xff182df08a077d48?sa=X&ved=1t:57443&ictx=111","","","Directions"
"power house allahabad","· Power station","1.5","(35)","Prayagraj, Uttar Pradesh","","","Temporarily closed","","","","https://www.google.com/maps/dir//power+house+allahabad,+Gaughat+Rd,+Prayagraj,+Uttar+Pradesh+211003/data=!4m6!4m5!1m1!4e2!1m2!1m1!1s0x399acb4e615ecf55:0xc286ee87584d8d79?sa=X&ved=1t:57443&ictx=111","","","Directions"
"","","","","","","","","","","","","","",""
"Power Sub Centre","· Electricity Board","1.8","(88)","Prayagraj, Uttar Pradesh","","⋅ Closes 4 pm","Open","","","","","","https://www.google.com/maps/dir//CRH7%2B7MW+Power+Sub+Centre,+60+Feet+Rd,+Near+J.K.+Place,+Kareli,+Prayagraj,+Uttar+Pradesh+211016/data=!4m6!4m5!1m1!4e2!1m2!1m1!1s0x398534d182026fb1:0x94b057add344b596?sa=X&ved=1t:57443&ictx=111","Directions"
"U.P. Power Transmission Corporation Ltd.","· Power station","3.5","(43)","Prayagraj, Uttar Pradesh","· 1800 180 8752","","Open now","","","","https://www.google.com/maps/dir//FVG9%2B5VF+U.P.+Power+Transmission+Corporation+Ltd.,+Near+IERT,+Chaitham+Lines,+Prayagraj,+Uttar+Pradesh+211002/data=!4m6!4m5!1m1!4e2!1m2!1m1!1s0x399ab57cf3e77c49:0xda584e8a8e383e7f?sa=X&ved=1t:57443&ictx=111","Website","http://www.uppcl.org/","Directions"
"FORT ROAD BIJLI GHAR","· Electrical substation","2.7","(3)","Prayagraj, Uttar Pradesh","","⋅ Closes 5 pm","Open","","","","https://www.google.com/maps/dir//FORT+ROAD+BIJLI+GHAR,+33%2F11,+KV+FORT+ROAD,+Prayagraj,+Uttar+Pradesh+211006/data=!4m6!4m5!1m1!4e2!1m2!1m1!1s0x399ab5f6172feb1f:0xc557091e2c23abda?sa=X&ved=1t:57443&ictx=111","Website","https://uppcl.org/uppcl/hi/","Directions"
"UPPCL office","· Electricity Board","2.5","(35)","J98H+M5V, Unnamed Road","· 0522 297 0525","⋅ Closes 2 pm","Open","","","","https://www.google.com/maps/dir//J98H%2BM5V+UPPCL+office,+Unnamed+Road,+B+Block,+Sector+63,+Noida,+Uttar+Pradesh+201307/data=!4m6!4m5!1m1!4e2!1m2!1m1!1s0x390cef2d22c5f5ff:0xe8e23b829c9b2423?sa=X&ved=1t:57443&ictx=111","Website","http://uppcl.org/","Directions"
"UPCCL Electricity office Noida","· Electrical substation","1.6","(40)","H9F4+QRM","","⋅ Closes 4 pm","Open","","","","https://www.google.com/maps/dir//H9F4%2BQRM+UPCCL+Electricity+office+Noida,+Sector+39A,+Sector+39,+Noida,+Uttar+Pradesh+201303/data=!4m6!4m5!1m1!4e2!1m2!1m1!1s0x390ce5966b6c26dd:0xb3262b5defff0464?sa=X&ved=1t:57443&ictx=111","","","Directions"
"Purvanchal Vidyut Vitran Nigam Limited","· Electric utility company","2.6","(91)","Prayagraj, Uttar Pradesh","· 0542 231 8437","⋅ Closes 8 pm","Open","","","","https://www.google.com/maps/dir//Purvanchal+Vidyut+Vitran+Nigam+Limited,+Bakshi+Bandh+Rd,+Bakshi+Nagar,+Prayagraj,+Uttar+Pradesh+211006/data=!4m6!4m5!1m1!4e2!1m2!1m1!1s0x399ab542d3689843:0x25081b4556f4b2eb?sa=X&ved=1t:57443&ictx=111","Website","http://puvvnl.up.nic.in/","Directions"
"Abhishek Electricals & DJ Light Wholesale Store","· Electrical appliance wholesaler","4.5","(23)","Prayagraj, Uttar Pradesh","· 081277 99918","⋅ Closes 8 pm","Open","In-store pick-up","","","https://www.google.com/maps/dir//Abhishek+Electricals+%26+DJ+Light+Wholesale+Store,+Shop+No.+1G+51%2F150A+Pan+Dariba,+Johnston+Ganj,+Allahabad,+Uttar+Pradesh+211003,+Pan+Dariba,+ShahGanj+Electronics+Ln,+Prayagraj,+Uttar+Pradesh+211003/data=!4m6!4m5!1m1!4e2!1m2!1m1!1s0x399acacdc2d33f45:0xe728280ea023023d?sa=X&ved=1t:57443&ictx=111","","","Directions"
"Ambey Electricals & Electronic water purifier dealer & Air cooler Dealer in Allahabad","· Electrical supply store","4.7","(122)","Prayagraj, Uttar Pradesh","· 078001 92853","⋅ Closes 8:30 pm","Open","In-store shopping","·","In-store pick-up","https://www.google.com/maps/dir//Ambey+Electricals+%26+Electronic+water+purifier+dealer+%26+Air+cooler+Dealer+in+Allahabad,+32%2F28+Hewett+Road,+Swami+Vivekanand+Marg,+Prayagraj,+Uttar+Pradesh+211003/data=!4m6!4m5!1m1!4e2!1m2!1m1!1s0x399acacea756db69:0xc6f6d3e0167874ff?sa=X&ved=1t:57443&ictx=111","","","Directions"
"Hindustan Electricals","· Electrical supply store","3.8","(40)","Prayagraj, Uttar Pradesh","· 094152 15870","⋅ Closes 9 pm","Open","In-store shopping","·","Delivery","https://www.google.com/maps/dir//Hindustan+Electricals,+Prabhu+Kripa+Market,+Chowk+458%2F394+A,+ShahGanj+Electronics+Ln,+Prayagraj,+Uttar+Pradesh+211003/data=!4m6!4m5!1m1!4e2!1m2!1m1!1s0x399acace0f9cee47:0x6011416d745d1096?sa=X&ved=1t:57443&ictx=111","","","Directions"
"UPPCL Electrical Substation","· Electrical substation","2.7","(22)","Prayagraj, Uttar Pradesh","· 080049 25834","","Open now","","","","https://www.google.com/maps/dir//FVQG%2BC2G+UPPCL+Electrical+Substation,+Govindpur,+Teliarganj,+Prayagraj,+Uttar+Pradesh+211002/data=!4m6!4m5!1m1!4e2!1m2!1m1!1s0x399ab5831abc6673:0x5a7c73de178c4914?sa=X&ved=1t:57443&ictx=111","Website","http://www.uppcl.org/","Directions"
"Electricity Power House, Jhalwa","· Electricity Board","1.7","(24)","Chak Dadanpur, Uttar Pradesh","","⋅ Closes 5 pm","Open","","","","https://www.google.com/maps/dir//CQM8%2B344+Electricity+Power+House,+Jhalwa,+Devprayagam+Colony,+Jhalwa,+Chak+Dadanpur,+Uttar+Pradesh+211011/data=!4m6!4m5!1m1!4e2!1m2!1m1!1s0x399accb2d9910b21:0x35572330c56e6545?sa=X&ved=1t:57443&ictx=111","","","Directions"
"Ashish Electric Works - Best Havells Dealer in Allahabad/ Best Finolex Dealer in Allahabad/ Best Electrical Dealer","· Electrical supply store","4.6","(10)","Prayagraj, Uttar Pradesh","· 091615 95666","⋅ Closes 9 pm","Open","In-store shopping","·","In-store pick-up","https://www.google.com/maps/dir//Ashish+Electric+Works+-+Best+Havells+Dealer+in+Allahabad%2F+Best+Finolex+Dealer+in+Allahabad%2F+Best+Electrical+Dealer,+341%2F1,pandariba+shahganj,+1,+ShahGanj+Electronics+Ln,+Johnston+Ganj,+Miurabad,+Prayagraj,+Uttar+Pradesh+211003/data=!4m6!4m5!1m1!4e2!1m2!1m1!1s0x399acacde0876147:0xe24f949edc256aa5?sa=X&ved=1t:57443&ictx=111","","","Directions"
"Adarsh Electricals And Agencies","· Electrical supply store","3.7","(45)","Prayagraj, Uttar Pradesh","· 093351 07875","⋅ Closes 8:30 pm","Open","In-store shopping","·","Delivery","https://www.google.com/maps/dir//Adarsh+Electricals+And+Agencies,+43%2F5,6,+Sardar+Patel+Marg,+opposite+HDFC+Bank,+Civil+Lines,+Prayagraj,+Uttar+Pradesh+211001/data=!4m6!4m5!1m1!4e2!1m2!1m1!1s0x399acac369476931:0x2da0d02692cf9202?sa=X&ved=1t:57443&ictx=111","","","Directions"
"Naini Vidyut Upkendra","· Electricity Board","1.9","(41)","Prayagraj, Uttar Pradesh","· 0542 231 8348","⋅ Closes 12 am","Open","","","","https://www.google.com/maps/dir//9VV9%2BC4G+Naini+Vidyut+Upkendra,+Thana+Rd,+Near+Police+Station,+Industrial+Colony,+Naini,+Prayagraj,+Uttar+Pradesh+211008/data=!4m6!4m5!1m1!4e2!1m2!1m1!1s0x39854a81b4873ac7:0x5a9e730be71ed61a?sa=X&ved=1t:57443&ictx=111","Website","http://puvvnl.up.nic.in/","Directions"
"R.K. Electric Co.","· Electrical supply store","4.7","(15)","New Delhi, Delhi","· 098180 03486","⋅ Closes 8:30 pm","Open","Delivery","","","https://www.google.com/maps/dir//R.K.+Electric+Co.,+1554,+Gurudwara+Rd,+Near+Allahabad+Bank,+South+Extension+I,+Kotla+Mubarakpur,+New+Delhi,+Delhi+110003/data=!4m6!4m5!1m1!4e2!1m2!1m1!1s0x390ce25ed0000001:0xd7bd6f481179d1b8?sa=X&ved=1t:57443&ictx=111","","","Directions"
"Power House Phaphamau","· Power station","1.6","(44)","Phaphamau, Prayagraj, Uttar Pradesh","· 094530 47624","","Open 24 hours","","","","https://www.google.com/maps/dir//GVJ3%2BFC2+Power+House+Phaphamau,+RAF+Rd,+Allahabad+Bank,+Shantipuram,+Phaphamau,+Prayagraj,+Uttar+Pradesh+211013/data=!4m6!4m5!1m1!4e2!1m2!1m1!1s0x399ac9f7d9348a81:0x252d86bca9b79039?sa=X&ved=1t:57443&ictx=111","Website","http://www.uppclonline.com/","Directions"
"Uttar Pradesh Sarkar Ka Upkram Karyalaya","· Electric utility company","3.2","(12)","Prayagraj, Uttar Pradesh","1800 180 5025","","","","","","https://www.google.com/maps/dir//CVR9%2BQ4V+Uttar+Pradesh+Sarkar+Ka+Upkram+Karyalaya,+Fort+Rd+Chauraha,+PNB+ATM,+Daraganj+Rd,+Alopi+Bagh,+Prayagraj,+Uttar+Pradesh+211006/data=!4m6!4m5!1m1!4e2!1m2!1m1!1s0x399ab555c0b8c2b7:0xe6ec11d25d4745c3?sa=X&ved=1t:57443&ictx=111","Website","http://www.uppclonline.com/","Directions"
"à¤ªà¥‚à¤°à¥à¤µà¤¾à¤‚à¤šà¤² à¤µà¤¿à¤¦à¥à¤¯à¥à¤¤ à¤µà¤¿à¤¤à¤°à¤£ à¤¨à¤¿à¤—à¤® à¤²à¤¿à¤®à¤¿à¤Ÿà¥‡à¤¡ à¤‡à¤²à¤¾à¤¹à¤¾à¤¬à¤¾à¤¦","Â· Electrical substation","2.0","(3)","Prayagraj, Uttar Pradesh","","","Open now","","","","https://www.google.com/maps/dir//FR5R%2BQVV+%E0%A4%AA%E0%A5%82%E0%A4%B0%E0%A5%8D%E0%A4%B5%E0%A4%BE%E0%A4%82%E0%A4%9A%E0%A4%B2+%E0%A4%B5%E0%A4%BF%E0%A4%A6%E0%A5%8D%E0%A4%AF%E0%A5%81%E0%A4%A4+%E0%A4%B5%E0%A4%BF%E0%A4%A4%E0%A4%B0%E0%A4%A3+%E0%A4%A8%E0%A4%BF%E0%A4%97%E0%A4%AE+%E0%A4%B2%E0%A4%BF%E0%A4%AE%E0%A4%BF%E0%A4%9F%E0%A5%87%E0%A4%A1+%E0%A4%87%E0%A4%B2%E0%A4%BE%E0%A4%B9%E0%A4%BE%E0%A4%AC%E0%A4%BE%E0%A4%A6,+Police+Line,+Prayagraj,+Uttar+Pradesh+211018/data=!4m6!4m5!1m1!4e2!1m2!1m1!1s0x399acac02842810b:0x29e06d203cec479d?sa=X&ved=1t:57443&ictx=111","","","Directions"
"Jain Electricals & Communication","· Electrical supply store","4.0","(2)","Delhi","· 088022 74054","⋅ Closes 10 pm","Open","In-store shopping","·","Kerbside pickup","https://www.google.com/maps/dir//Jain+Electricals+%26+Communication,+Shop+No.+12,+Main+Babarpur+Road,+near+Allahabad+Bank,+Delhi,+110032/data=!4m6!4m5!1m1!4e2!1m2!1m1!1s0x390cfc79956dc79b:0xb914c59fd6b06562?sa=X&ved=1t:57443&ictx=111","","","Directions"
"Electrical Department","· Electrical substation","1.0","(7)","Prayagraj, Uttar Pradesh","","","","","","","https://www.google.com/maps/dir//CVR9%2BQ4J+Electrical+Department,+NH+2,+Parade+Ground,+Daraganj,+Prayagraj,+Uttar+Pradesh+211005/data=!4m6!4m5!1m1!4e2!1m2!1m1!1s0x399ab555c099b88d:0x42c26ac66d935fd2?sa=X&ved=1t:57443&ictx=111","","","Directions"
"","","","","","","","","","","","","","",""
"Amit Electricals","· Electrical supply store","4.7","(14)","Prayagraj, Uttar Pradesh","· 095591 06666","⋅ Closes 8:45 pm","Open","","","","","","https://www.google.com/maps/dir//Amit+Electricals,+ShahGanj+Electronic+Market,+Johnston+Ganj,+Prayagraj,+Uttar+Pradesh+211003/data=!4m6!4m5!1m1!4e2!1m2!1m1!1s0x399acacdde84ec4f:0xcb33c4ee34d4e940?sa=X&ved=1t:57443&ictx=111","Directions"
"Adarsh Electric Corporation","· Electrical supply store","3.0","(2)","Prayagraj, Uttar Pradesh","· 094152 17209","⋅ Closes 8:30 pm","Open","Delivery","","","https://www.google.com/maps/dir//Adarsh+Electric+Corporation,+Nakhas+Kohna,+Prayagraj,+Uttar+Pradesh+211003/data=!4m6!4m5!1m1!4e2!1m2!1m1!1s0x399acad2feb9460b:0x8d5e54776b86d8bd?sa=X&ved=1t:57443&ictx=111","","","Directions"
"Jaiswal Electricals","· Electrical supply store","3.9","(23)","Prayagraj, Uttar Pradesh","","⋅ Closes 8:30 pm","Open","In-store shopping","·","Kerbside pickup","https://www.google.com/maps/dir//Jaiswal+Electricals,+736,+Old+Katra,+Prayagraj,+Uttar+Pradesh+211002/data=!4m6!4m5!1m1!4e2!1m2!1m1!1s0x399acad16d98ab95:0x18184b8f19fda857?sa=X&ved=1t:57443&ictx=111","","","Directions"
"G.P. Electronics","· Electronics store","4.6","(11)","Prayagraj, Uttar Pradesh","· 094153 07094","⋅ Closes 7 pm","Open","In-store shopping","·","In-store pick-up","https://www.google.com/maps/dir//256,+G.P.+Electronics,+Katghar+Rd,+Near+Maya+Press,+Mutthi+Ganj,+Prayagraj,+Uttar+Pradesh+211003/data=!4m6!4m5!1m1!4e2!1m2!1m1!1s0x398535344a43de19:0xe106a29366d0c626?sa=X&ved=1t:57443&ictx=111","","","Directions"
"UPPCL Mayohall","· State government office","3.4","(5)","Prayagraj, Uttar Pradesh","","⋅ Closes 3:30 am","Open","","","","https://www.google.com/maps/dir//UPPCL+Mayohall,+lok+seva+aayog+crossing,+Prayagraj,+Uttar+Pradesh/data=!4m6!4m5!1m1!4e2!1m2!1m1!1s0x399acb6947281483:0x4850c65690c1375d?sa=X&ved=1t:57443&ictx=111","","","Directions"
"Suneet Electric Company","· Electrical supply store","5.0","(2)","Prayagraj, Uttar Pradesh","· 093351 73857","⋅ Closes 8 pm","Open","In-store shopping","·","Delivery","https://www.google.com/maps/dir//Suneet+Electric+Company,+20+20,+Swami+Vivekanand+Marg,+Johnston+Ganj,+Badshahi+Mandi,+Mohatsim+Ganj,+Prayagraj,+Uttar+Pradesh+211003/data=!4m6!4m5!1m1!4e2!1m2!1m1!1s0x399acace9960a255:0xf98ccba4dc9ee552?sa=X&ved=1t:57443&ictx=111","","","Directions"
"Dhruv Electricals","· Electrical supply store","4.4","(14)","Prayagraj, Uttar Pradesh","· 099357 81809","⋅ Closes 8:30 pm","Open","In-store shopping","·","In-store pick-up","https://www.google.com/maps/dir//298,+Dhruv+Electricals,+Jagdamba+Market,+Chowk,+Shahganj,+Prayagraj,+Uttar+Pradesh+211003/data=!4m6!4m5!1m1!4e2!1m2!1m1!1s0x399acacdfd7f72a3:0xc8ec1158d27e2016?sa=X&ved=1t:57443&ictx=111","","","Directions"
"S.N. Electricals","· Electrical supply store","4.5","(2)","Prayagraj, Uttar Pradesh","· 094152 18727","⋅ Closes 8 pm","Open","","","","https://www.google.com/maps/dir//72%2F18,+S.N.+Electricals,+In+Front+Of+Priti+Nursing,+CY+Chintamani+Rd,+George+Town,+Prayagraj,+Uttar+Pradesh+211002/data=!4m6!4m5!1m1!4e2!1m2!1m1!1s0x399acaa59715dac3:0xdbb7cf82175a8b96?sa=X&ved=1t:57443&ictx=111","","","Directions"
"Sakshi Electronics","· Electronics store","4.0","(51)","Prayagraj, Uttar Pradesh","· 090448 80959","⋅ Closes 9 pm","Open","In-store shopping","·","Delivery","https://www.google.com/maps/dir//1st+Floor,+Sakshi+Electronics,+Jaiswal+Complex,+44%2F1,+Madhokunj,+Old+Katra,+Prayagraj,+Uttar+Pradesh+211002/data=!4m6!4m5!1m1!4e2!1m2!1m1!1s0x399acad16d98ab95:0xf6c501760c9e807a?sa=X&ved=1t:57443&ictx=111","","","Directions"
"Bharat Wire House","· Electrical supply store","4.1","(15)","Prayagraj, Uttar Pradesh","","","","","","","https://www.google.com/maps/dir//Bharat+Wire+Hse,+Kydganj+Rd,+Kydganj,+Prayagraj,+Uttar+Pradesh+211003/data=!4m6!4m5!1m1!4e2!1m2!1m1!1s0x39853553a731e079:0xb55548d7b4c032ed?sa=X&ved=1t:57443&ictx=111","","","Directions"
"NPCL (CHI-4)","· Electric utility company","4.4","(31)","Greater Noida, Uttar Pradesh","· 0120 622 6666","⋅ Opens 10 am Mon","Closed","","","","https://www.google.com/maps/dir//CGM6%2B8G2+NPCL+(CHI-4),+Cassia+Fistula+Estate,+Chi+IV,+Greater+Noida,+Uttar+Pradesh+201310/data=!4m6!4m5!1m1!4e2!1m2!1m1!1s0x390cc1b20f207ea9:0xdd17b1311d47606?sa=X&ved=1t:57443&ictx=111","Website","https://www.noidapower.com/","Directions"
"Allora Electricals","· Electrical supply store","5.0","(2)","Prayagraj, Uttar Pradesh","· 094150 24817","⋅ Closes 8:30 pm","Open","In-store shopping","·","Delivery","https://www.google.com/maps/dir//Allora+Electricals,+54-A,+KP+Kakkar+Rd,+Zero+Road,+Prayagraj,+Uttar+Pradesh+211003/data=!4m6!4m5!1m1!4e2!1m2!1m1!1s0x399acacb0b3f88d1:0x82861d07a741dad?sa=X&ved=1t:57443&ictx=111","","","Directions"
"Prayag Electric Co.","· Electrical supply store","3.7","(3)","Prayagraj, Uttar Pradesh","· 093351 50750","⋅ Closes 8 pm","Open","In-store shopping","","","https://www.google.com/maps/dir//FR2M%2B443+Prayag+Electric+Co.,+Civil+Lines,+Prayagraj,+Uttar+Pradesh+211001/data=!4m6!4m5!1m1!4e2!1m2!1m1!1s0x399acadad61600c7:0x4ee28cc807afeb3f?sa=X&ved=1t:57443&ictx=111","","","Directions"
"Popular Electricals","· Electrical supply store","5.0","(1)","Prayagraj, Uttar Pradesh","· 098391 56923","⋅ Closes 8:30 pm","Open","In-store shopping","·","Delivery","https://www.google.com/maps/dir//343,+Shop+No+2,+Popular+Electricals,+Lucky+Market,+Shahganj,+Prayagraj,+Uttar+Pradesh+211003/data=!4m6!4m5!1m1!4e2!1m2!1m1!1s0x399acacde373546d:0x1ee251d5f60697d8?sa=X&ved=1t:57443&ictx=111","","","Directions"
"Krishna Electrical","· Electrical supply store","4.3","(3)","Prayagraj, Uttar Pradesh","· 078971 26531","⋅ Closes 9 pm","Open","","","","https://www.google.com/maps/dir//FV93%2B3Q6+Krishna+Electrical,+Katra,+Prayagraj,+Uttar+Pradesh+211002/data=!4m6!4m5!1m1!4e2!1m2!1m1!1s0x399aca90993aaf97:0xa6c0ad9e6f53765d?sa=X&ved=1t:57443&ictx=111","","","Directions"
"THE CONCEPT LIGHTS","· Lighting store","4.4","(64)","Prayagraj, Uttar Pradesh","· 095061 60012","⋅ Closes 8:30 pm","Open","In-store shopping","·","In-store pick-up","https://www.google.com/maps/dir//THE+CONCEPT+LIGHTS,+RAJ+TOWER,+9B%2F2,+FIRST+FLOOR,+Patrika+Marg,+CROSS+ROAD,+Stanley+Rd,+Civil+Lines,+Prayagraj,+Uttar+Pradesh+211001/data=!4m6!4m5!1m1!4e2!1m2!1m1!1s0x399aca895073665f:0x655f1f5d49e5ff96?sa=X&ved=1t:57443&ictx=111","","","Directions"
"Agrawal Electricals","· Electrical supply store","5.0","(1)","Prayagraj, Uttar Pradesh","· 094150 14491","⋅ Closes 8:30 pm","Open","Delivery","","","https://www.google.com/maps/dir//106,+Agrawal+Electricals,+Newet+Road,+Vivekanada+Marg,+Prayagraj,+Uttar+Pradesh+211003/data=!4m6!4m5!1m1!4e2!1m2!1m1!1s0x399acaca3577a0b1:0x819ae35fd4e96f1f?sa=X&ved=1t:57443&ictx=111","","","Directions"
"Emerging Technologies India","· Solar energy equipment supplier","4.8","(25)","Prayagraj, Uttar Pradesh","· 099358 35855","⋅ Closes 6 pm","Open","On-site services","","","https://www.google.com/maps/dir//Emerging+Technologies+India,+7%2F1,+Choudhary+Naunihal+Singh+Marg,+behind+CMP+Degree+College,+George+Town,+Prayagraj,+Uttar+Pradesh+211002/data=!4m6!4m5!1m1!4e2!1m2!1m1!1s0x399acb4089786b17:0xf62bf7d15bbd2214?sa=X&ved=1t:57443&ictx=111","Website","http://www.etisolar.co.in/","Directions"
"Sangam Sky Shop","· Electrical products wholesaler","4.5","(2)","Prayagraj, Uttar Pradesh","· 094151 25309","⋅ Closes 7:30 pm","Open","","","","https://www.google.com/maps/dir//Sangam+Sky+Shop,+161%2F145,+Swami+Vivekanand+Marg,+South+Malaka,+Prayagraj,+Uttar+Pradesh+211001/data=!4m6!4m5!1m1!4e2!1m2!1m1!1s0x399acab5ae052bb9:0x29b47483b454b261?sa=X&ved=1t:57443&ictx=111","","","Directions"
"Jain Electricals","· Electrical supply store","4.3","(8)","Prayagraj, Uttar Pradesh","· 098392 52178","⋅ Closes 8 pm","Open","In-store shopping","·","Delivery","https://www.google.com/maps/dir//285+A,+Jain+Electricals,+Labour+Chauraha,+Allahpur,+Prayagraj,+Uttar+Pradesh+211006/data=!4m6!4m5!1m1!4e2!1m2!1m1!1s0x140d9b3cbd720035:0x38976fc19f39d088?sa=X&ved=1t:57443&ictx=111","","","Directions"
"ğ—•ğ—µğ—®ğ—¿ğ—´ğ—®ğ˜ƒğ—® ğ—˜ğ—»ğ—´ğ—´. ğ—ªğ—¼ğ—¿ğ—¸ğ˜€- Best Battery dealer/ Best Inverter dealer/EXIDE dealer/Solar dealer/ Luminous dealer in allahabad","Â· Battery Store","3.9","(23)","Prayagraj, Uttar Pradesh","Â· 093351 50777","â‹… Closes 8â€¯pm","Open","In-store shopping","","","","","https://www.google.com/maps/dir//%F0%9D%97%95%F0%9D%97%B5%F0%9D%97%AE%F0%9D%97%BF%F0%9D%97%B4%F0%9D%97%AE%F0%9D%98%83%F0%9D%97%AE+%F0%9D%97%98%F0%9D%97%BB%F0%9D%97%B4%F0%9D%97%B4.+%F0%9D%97%AA%F0%9D%97%BC%F0%9D%97%BF%F0%9D%97%B8%F0%9D%98%80-+Best+Battery+dealer%2F+Best+Inverter+dealer%2FEXIDE+dealer%2FSolar+dealer%2F+Luminous+dealer+in+allahabad,+Bhargava+Bhawan,+Clive+Rd,+Civil+Lines,+Prayagraj,+Uttar+Pradesh+211001/data=!4m6!4m5!1m1!4e2!1m2!1m1!1s0x399acadba180b873:0x9f3216ab94a76b02?sa=X&ved=1t:57443&ictx=111","Directions"
"Lucky Electric and Electronics","· Electrical products wholesaler","3.3","(3)","Prayagraj, Uttar Pradesh","· 095988 31547","⋅ Closes 9 pm","Open","","","","https://www.google.com/maps/dir//Shop+No.+2,+Lucky+Electric+and+Electronics,+Azad+Market,+Teliarganj,+Prayagraj,+Uttar+Pradesh+211004/data=!4m6!4m5!1m1!4e2!1m2!1m1!1s0x399aca77446c4e4b:0x394c2f7a63306479?sa=X&ved=1t:57443&ictx=111","","","Directions"
"Lukman Battery & Inverter And Electricals","· Electrical supply store","4.5","(13)","Prayagraj, Uttar Pradesh","· 093057 64605","⋅ Closes 8 pm","Open","Delivery","","","https://www.google.com/maps/dir//Lukman+Battery+%26+Inverter+And+Electricals,+Transport+Nagar+Gati+Chauraha,+Besides+Gati,+Mahindra+Nagar,+Transport+Nagar,+Prayagraj,+Uttar+Pradesh+211011/data=!4m6!4m5!1m1!4e2!1m2!1m1!1s0x399accbd12b4c77d:0xdebd12ded7f4aae8?sa=X&ved=1t:57443&ictx=111","","","Directions"
"Radha Agencies","· Electrical supply store","4.3","(7)","Prayagraj, Uttar Pradesh","· 094150 14715","⋅ Closes 8 pm","Open","In-store shopping","·","Delivery","https://www.google.com/maps/dir//Radha+Agencies,+Central+Bank+Building,+29%2F61,+Mahatma+Gandhi+Marg,+Civil+Lines,+Prayagraj,+Uttar+Pradesh+211001/data=!4m6!4m5!1m1!4e2!1m2!1m1!1s0x399acac5a814dc7d:0xc1b0c8438cdf6eb?sa=X&ved=1t:57443&ictx=111","","","Directions"
"Mega Electronics","· Electronics store","4.4","(381)","Prayagraj, Uttar Pradesh","· 098382 00146","⋅ Closes 8:30 pm","Open","","","","https://www.google.com/maps/dir//Mega+Electronics,+16,+Mahatma+Gandhi+Marg,+Bhargava+Compund,+Civil+Lines,+Prayagraj,+Uttar+Pradesh+211001/data=!4m6!4m5!1m1!4e2!1m2!1m1!1s0x399acae1aaaaaaab:0xad39ac39693af015?sa=X&ved=1t:57443&ictx=111","","","Directions"
"Dolphin Electrician Service","· Electricity Board","4.6","(45)","Prayagraj, Uttar Pradesh","· 073888 02556","","Open 24 hours","On-site services","·","Online estimates","https://www.google.com/maps/dir//Dolphin+Electrician+Svc,+Sardar+Patel+Marg,+Civil+Lines,+Prayagraj,+Uttar+Pradesh+211001/data=!4m6!4m5!1m1!4e2!1m2!1m1!1s0x399acb5f270c1707:0x5d5d44ca95be3e38?sa=X&ved=1t:57443&ictx=111","Website","https://dolphinelectricianservice.online/","Directions"
"Ranjan Electric","· Electrical supply store","3.0","(1)","Prayagraj, Uttar Pradesh","· 096217 80984","⋅ Closes 9 pm","Open","","","","https://www.google.com/maps/dir//Ranjan+Electric,+Oppt,+Action+Exclucive+Showroom,+Old+Katra,+Prayagraj,+Uttar+Pradesh+211002/data=!4m6!4m5!1m1!4e2!1m2!1m1!1s0x399aca96d807d543:0xd6fa946bd1f86d12?sa=X&ved=1t:57443&ictx=111","","","Directions"
"Jyoti Electricals Pandey Ji Coolers","· Electrical supply store","4.6","(9)","Prayagraj, Uttar Pradesh","· 096967 78021","⋅ Closes 9 pm","Open","In-store shopping","·","Delivery","https://www.google.com/maps/dir//Jyoti+Electricals+Pandey+Ji+Coolers,+Bajrang+Chauraha,+Kullu+Market,+Allahpur,+Prayagraj,+Uttar+Pradesh+211006/data=!4m6!4m5!1m1!4e2!1m2!1m1!1s0x399ab55a643f16b9:0x7744828556a199c1?sa=X&ved=1t:57443&ictx=111","","","Directions"
"A To Z Agencies","· Electrical supply store","4.8","(4)","Prayagraj, Uttar Pradesh","· 094158 30201","⋅ Closes 9 pm","Open","Delivery","","","https://www.google.com/maps/dir//A+To+Z+Agencies,+3,Noorullah+Road,+Shop+No.26,27,Beside+Gurudwara,Khuldabad,+Prayagraj,+Uttar+Pradesh+211003/data=!4m6!4m5!1m1!4e2!1m2!1m1!1s0x399acad59449f97d:0x486a2ec10938ece2?sa=X&ved=1t:57443&ictx=111","","","Directions"
"Noma Electricals","· Electrical supply store","4.3","(24)","Prayagraj, Uttar Pradesh","· 097930 43978","⋅ Closes 9:30 pm","Open","In-store shopping","·","Delivery","https://www.google.com/maps/dir//Noma+Electricals,+20,+Guru+Teg+Bahadur+Marg,+Mastan+Market,+Kareli,+Prayagraj,+Uttar+Pradesh+211003/data=!4m6!4m5!1m1!4e2!1m2!1m1!1s0x398534d1c0a3d6d1:0x5148c8c232394003?sa=X&ved=1t:57443&ictx=111","","","Directions"
"Mohan Electrical & Repairing Centre","· Electrical supply store","3.7","(3)","Prayagraj, Uttar Pradesh","· 094156 01130","⋅ Closes 8 pm","Open","","","","https://www.google.com/maps/dir//Mohan+Electrical+%26+Repairing+Centre,+Bank+Building,+60-A%2F68-A,+Old+GT+Rd,+Himmat+Ganj,+Prayagraj,+Uttar+Pradesh+211016/data=!4m6!4m5!1m1!4e2!1m2!1m1!1s0x399acb2bf0f6beaf:0x7346f9bd60787e6e?sa=X&ved=1t:57443&ictx=111","","","Directions"
"Triveni Electricals","· Electrical supply store","3.4","(5)","Prayagraj, Uttar Pradesh","· 0532 329 7282","⋅ Closes 8:30 pm","Open","In-store shopping","·","Delivery","https://www.google.com/maps/dir//82,+Triveni+Electricals,+Johnston+Ganj,+Miurabad,+Prayagraj,+Uttar+Pradesh+211003/data=!4m6!4m5!1m1!4e2!1m2!1m1!1s0x399acacddeaa0787:0xbb0b648f95781b54?sa=X&ved=1t:57443&ictx=111","","","Directions"
"Nav Durga Electricals & Sanitary","· Electronics store","4.3","(6)","Jhusi, Uttar Pradesh","· 093351 14604","⋅ Closes 10:30 pm","Open","","","","https://www.google.com/maps/dir//Nav+Durga+Electricals+%26+Sanitary,+Maurya+Complex,+CP+10,+near+Teliphone+Exchange,+Jhusi,+Uttar+Pradesh+211019/data=!4m6!4m5!1m1!4e2!1m2!1m1!1s0x39854b26dff247d3:0xd0823b85b12e0eeb?sa=X&ved=1t:57443&ictx=111","","","Directions"
"GLOWNIX","· Electrical products wholesaler","4.7","(25)","Prayagraj, Uttar Pradesh","· 094152 18528","⋅ Closes 7 pm","Open","","","","https://www.google.com/maps/dir//GLOWNIX,+Dr.+Manohar+Market,+423%2F361,+Badshahi+Mandi,+Prayagraj,+Uttar+Pradesh+211003/data=!4m6!4m5!1m1!4e2!1m2!1m1!1s0x399acacdd03bdadf:0x1a469f1edaacc201?sa=X&ved=1t:57443&ictx=111","","","Directions"
"Maa Sharda Enterprises","· Electrical supply store","4.8","(6)","Prayagraj, Uttar Pradesh","· 098391 93381","⋅ Closes 9 pm","Open","In-store shopping","·","Delivery","https://www.google.com/maps/dir//Maa+Sharda+Enterprises,+Jeevan+Jyoti+Hospital+4%2F4,+Prayagraj,+Uttar+Pradesh+211002/data=!4m6!4m5!1m1!4e2!1m2!1m1!1s0x399acab52e10eecb:0xcdde42762276836a?sa=X&ved=1t:57443&ictx=111","","","Directions"
"Vidya Distributors","· Electronics store","4.0","(451)","Prayagraj, Uttar Pradesh","· 077839 90539","⋅ Closes 10 pm","Open","","","","https://www.google.com/maps/dir//Vidya+Distributors,+340%2F292,+45%2F82,+ShahGanj+Electronics+Ln,+Johnston+Ganj,+Miurabad,+Prayagraj,+Uttar+Pradesh+211003/data=!4m6!4m5!1m1!4e2!1m2!1m1!1s0x399acacde1221ac3:0x3b8d5976a98e80cb?sa=X&ved=1t:57443&ictx=111","","","Directions"
"Rama Electricals","· Electrical supply store","4.5","(2)","Prayagraj, Uttar Pradesh","","⋅ Closes 8 pm","Open","In-store shopping","·","Delivery","https://www.google.com/maps/dir//Rama+Electricals,+State+Bank+Of+India,+51,+Johnston+Ganj,+Branch,+Prayagraj,+Uttar+Pradesh+211003/data=!4m6!4m5!1m1!4e2!1m2!1m1!1s0x399acace7f5573a9:0x6a2036d0a8b792b8?sa=X&ved=1t:57443&ictx=111","","","Directions"
"Vandana Electricals & Electronics","· Electrical supply store","3.4","(8)","Prayagraj, Uttar Pradesh","· 094510 52383","⋅ Closes 7 pm","Open","","","","https://www.google.com/maps/dir//491,+Vandana+Electricals+%26+Electronics,+Fauwara+Chauraha,+Near+Anupam+Shopping+Centre,+Mumfordganj,+Prayagraj,+Uttar+Pradesh+211002/data=!4m6!4m5!1m1!4e2!1m2!1m1!1s0x399aca8f0ddf82c5:0xa2a5cc4bc92ae814?sa=X&ved=1t:57443&ictx=111","","","Directions"
"Allapur Power House","· Electrical substation","1.5","(8)","Prayagraj, Uttar Pradesh","","","Temporarily closed","","","","https://www.google.com/maps/dir//FV49%2BJ52+Allapur+Power+House,+Baghambari+Housing+Scheme,+Shiv+Nagar,+Allahpur,+Prayagraj,+Uttar+Pradesh+211002/data=!4m6!4m5!1m1!4e2!1m2!1m1!1s0x399ab529702b9175:0x6fe2bf20975e9e?sa=X&ved=1t:57443&ictx=111","","","Directions"
"Triveni Electric & Refrigeration","· Lighting store","4.0","(2)","Prayagraj, Uttar Pradesh","· 093892 70799","⋅ Closes 8:30 pm","Open","In-store shopping","·","Delivery","https://www.google.com/maps/dir//76B%2F20,+Triveni+Electric+%26+Refrigeration,+CY+Chintamani+Rd,+Darbhanga+Colony,+George+Town,+Prayagraj,+Uttar+Pradesh+211001/data=!4m6!4m5!1m1!4e2!1m2!1m1!1s0x399acaa58cd2cffb:0x192f365a7d8033dd?sa=X&ved=1t:57443&ictx=111","","","Directions"
"Havells Galaxy","· Store","3.6","(47)","Prayagraj, Uttar Pradesh","· 094520 77963","⋅ Closes 9 pm","Open","","","","","","https://www.google.com/maps/dir//Havells+Galaxy,+38%2F33,+Hewett+Rd,+opp.+City+Hotel,+Johnston+Ganj,+Mohatsim+Ganj,+Prayagraj,+Uttar+Pradesh+211003/data=!4m6!4m5!1m1!4e2!1m2!1m1!1s0x399acacc027e9019:0xe12b5829342a0638?sa=X&ved=1t:57443&ictx=111","Directions"
"Kamaldeep Electricals","· Electrical supply store","4.2","(5)","Prayagraj, Uttar Pradesh","· 094153 09448","⋅ Closes 9 pm","Open","In-store shopping","·","Delivery","https://www.google.com/maps/dir//CRR7%2B3MH+Kamaldeep+Electricals,+Old+GT+Rd,+Near+Shiv+Temple,+Lukarganj,+Prayagraj,+Uttar+Pradesh+211001/data=!4m6!4m5!1m1!4e2!1m2!1m1!1s0x399acb2c2b990381:0x5a32864d82b44641?sa=X&ved=1t:57443&ictx=111","","","Directions"
"SOLAR 9","· Solar Energy Company","5.0","(263)","Prayagraj, Uttar Pradesh","· 093353 15316","⋅ Closes 5 pm","Open","","","","https://www.google.com/maps/dir//SOLAR+9,+Grand+Trunk+Rd,+near+Glass+Factory,+Indra+Nagar,+Bamrauli,+Prayagraj,+Uttar+Pradesh+211012/data=!4m6!4m5!1m1!4e2!1m2!1m1!1s0x399acb05d1e7b65b:0x35b904d9db4f6bf3?sa=X&ved=1t:57443&ictx=111","Website","https://youtube.com/@solar9engineers","Directions"
"Jain Electronics","· Electronics store","4.5","(380)","Prayagraj, Uttar Pradesh","· 094545 75305","⋅ Closes 8 pm","Open","In-store shopping","·","In-store pick-up","https://www.google.com/maps/dir//Jain+Electronics,+Tej+Bahdur+Sapru+Rd,+Gayatripuram+Colony,+Civil+Lines,+Prayagraj,+Uttar+Pradesh+211001/data=!4m6!4m5!1m1!4e2!1m2!1m1!1s0x399acad16d98ab95:0xf861a628c4157c29?sa=X&ved=1t:57443&ictx=111","Website","https://jainelectronics.in/coolar-orient-cd-5003-h/","Directions"
"Achyut Electricals","","4.9","(89)","Prayagraj, Uttar Pradesh","","","","","","","https://www.google.com/maps/dir//Achyut+Electricals,+4,+Shilakhana+Rd,+Mehdauri+Colony,+Rasulabad,+Teliarganj,+Prayagraj,+Uttar+Pradesh+211004/data=!4m6!4m5!1m1!4e2!1m2!1m1!1s0x399aca774e05d3b9:0x27d757c1bd4b3d51?sa=X&ved=1t:57443&ictx=111","","","Directions"
"Global Eco Power","· Solar Energy Company","4.3","(11)","Prayagraj, Uttar Pradesh","· 099196 04555","⋅ Closes 7 pm","Open","","","","https://www.google.com/maps/dir//26K,+Global+Eco+Power,+2F,+Muir+Rd,+Rajapur,+Prayagraj,+Uttar+Pradesh+211001/data=!4m6!4m5!1m1!4e2!1m2!1m1!1s0x399acae449bd0973:0x81046b855d1f523a?sa=X&ved=1t:57443&ictx=111","Website","http://www.globalecopower.net/","Directions"
"Bhupendra Enterprises","· Electrical & Electronics Stores","4.0","(8)","Prayagraj, Uttar Pradesh","· 095194 34541","⋅ Closes 8 pm","Open","In-store shopping","·","Delivery","https://www.google.com/maps/dir//27,+Bhupendra+Enterprises,+27,+Swami+Vivekanand+Marg,+Johnston+Ganj,+Mohatsim+Ganj,+Prayagraj,+Uttar+Pradesh+211003/data=!4m6!4m5!1m1!4e2!1m2!1m1!1s0x399acacbe9d68eb3:0x1d95a1cb1707e86f?sa=X&ved=1t:57443&ictx=111","Website","http://www.bhupendraenterprises.in/","Directions"
"Alrick Solar Private Limited","· Solar Energy Company","4.4","(19)","Prayagraj, Uttar Pradesh","· 099103 35342","⋅ Closes 7 pm","Open","","","","https://www.google.com/maps/dir//49C,+Alrick+Solar+Private+Limited,+5A,+Stanley+Rd,+Myorabad,+Prayagraj,+Uttar+Pradesh+211002/data=!4m6!4m5!1m1!4e2!1m2!1m1!1s0x399aca92bee79027:0x51bf4f5eeac93b4a?sa=X&ved=1t:57443&ictx=111","","","Directions"
"Manoj Electricals And Electronics","· Electrical supply store","4.5","(11)","Prayagraj, Uttar Pradesh","· 099569 26363","⋅ Closes 10 pm","Open","In-store shopping","·","Kerbside pickup","https://www.google.com/maps/dir//440,+Manoj+Electricals+And+Electronics,+551,+Fawwara+Chauraha,+Mumfordganj,+Prayagraj,+Uttar+Pradesh+211002/data=!4m6!4m5!1m1!4e2!1m2!1m1!1s0x399acb2578295413:0xe94f0395b4ba96fb?sa=X&ved=1t:57443&ictx=111","","","Directions"
"Philips Light Lounge","· Lighting store","3.9","(58)","Prayagraj, Uttar Pradesh","· 090264 49977","⋅ Closes 8 pm","Open","Delivery","","","https://www.google.com/maps/dir//159%2FUG,+F+8,+Philips+Light+Lounge,+Shiv+Mahima+Complex,+Mahatma+Gandhi+Marg,+opp.+Atlantis+Mall,+Civil+Lines,+Prayagraj,+Uttar+Pradesh+211001/data=!4m6!4m5!1m1!4e2!1m2!1m1!1s0x399acac3adac7333:0xf8d64a3d36c3764a?sa=X&ved=1t:57443&ictx=111","","","Directions"
"Common Electricals","· Electrical supply store","5.0","(8)","Prayagraj, Uttar Pradesh","086872 63337","","","","","","https://www.google.com/maps/dir//Common+Electricals,+50,+Noorullah+Rd,+Kareli,+Prayagraj,+Uttar+Pradesh+211003/data=!4m6!4m5!1m1!4e2!1m2!1m1!1s0x399acad56527d0ef:0x54c0fd4a6a554bf3?sa=X&ved=1t:57443&ictx=111","","","Directions"
"Livguard Battery - Sharma Auto Electricals & Electronics","· Battery Store","4.2","(10)","Gurugram, Haryana","· 098103 96586","⋅ Closes 9 pm","Open","In-store shopping","","","https://www.google.com/maps/dir//Livguard+Battery+-+Sharma+Auto+Electricals+%26+Electronics,+Old+Palam,+Ground+Floor+Delhi,+Dundahera+Rd,+near+Allahabad+Bank,+Gurugram,+Haryana+122016/data=!4m6!4m5!1m1!4e2!1m2!1m1!1s0x390d1934f67dff03:0xf6b1d4ac6b659c4?sa=X&ved=1t:57443&ictx=111","Website","https://battery-inverter-dealers.livguard.com/livguard-battery-sharma-auto-electricals-electronics-old-palam-battery-store-old-palam-gurugram-267747/Home?utm_source=locator&utm_medium=googleplaces","Directions"
"Ramasay Urja Solar","· Solar Energy Company","5.0","(8)","Prayagraj, Uttar Pradesh","· 095067 50678","","Open 24 hours","","","","https://www.google.com/maps/dir//Ramasay+Urja+Solar,+22+149%2F62,+Shiv+Nagar,+Allahpur,+Prayagraj,+Uttar+Pradesh+211006/data=!4m6!4m5!1m1!4e2!1m2!1m1!1s0x399ab5855d7d5f91:0x5994829c007820f8?sa=X&ved=1t:57443&ictx=111","","","Directions"
"R.S. Electricals","· Electrical supply store","5.0","(1)","Prayagraj, Uttar Pradesh","· 088085 55890","⋅ Closes 8 pm","Open","In-store shopping","·","Delivery","https://www.google.com/maps/dir//Shop+No.+17,+R.S.+Electricals,+Nakhas+Kohna+Rd,+Sewai+Mandi,+Prayagraj,+Uttar+Pradesh+211003/data=!4m6!4m5!1m1!4e2!1m2!1m1!1s0x399acad2fc6ee1b5:0x3b7b23e697d35024?sa=X&ved=1t:57443&ictx=111","","","Directions"
"AARUSH ENTERPRISES","· Electrical products wholesaler","5.0","(5)","Prayagraj, Uttar Pradesh","· 076180 18881","⋅ Closes 8 pm","Open","","","","https://www.google.com/maps/dir//AARUSH+ENTERPRISES,+12,+Sardar+Patel+Marg,+Gayatripuram+Colony,+Civil+Lines,+Prayagraj,+Uttar+Pradesh+211001/data=!4m6!4m5!1m1!4e2!1m2!1m1!1s0x399acac2ebe2435f:0xc127c0366d65f8ba?sa=X&ved=1t:57443&ictx=111","","","Directions"
"Alka Enterprises","· Appliance store","4.2","(58)","Prayagraj, Uttar Pradesh","· 0532 329 1201","⋅ Closes 9 pm","Open","Delivery","","","https://www.google.com/maps/dir//Alka+Enterprises,+30,+Mahatma+Gandhi+Marg,+Civil+Lines,+Prayagraj,+Uttar+Pradesh+211001/data=!4m6!4m5!1m1!4e2!1m2!1m1!1s0x399acae1aaaaaaab:0x4b8aa28399e2cf3a?sa=X&ved=1t:57443&ictx=111","","","Directions"
"Philips Smart Light Hub","· Lighting store","4.3","(24)","Prayagraj, Uttar Pradesh","· 089486 43257","⋅ Closes 8 pm","Open","In-store shopping","·","In-store pick-up","https://www.google.com/maps/dir//Philips+Smart+Light+Hub,+5,+Tashkent+Marg,+near+st+josephs+college,+Patrika+Chowraha,+Civil+Lines,+Prayagraj,+Uttar+Pradesh+211001/data=!4m6!4m5!1m1!4e2!1m2!1m1!1s0x399acba0e2a20aab:0xef8afb46bb089134?sa=X&ved=1t:57443&ictx=111","Website","https://stores.lighting-philips.in/store-locator/uttar-pradesh/prayagraj/civil-lines-72038131?utm_source=GMBlisting&utm_medium=organic","Directions"
"Schneider Electric - Om Electricals","· Electrical supply store","4.9","(27)","Prayagraj, Uttar Pradesh","· 079 4284 5287","⋅ Closes 8:30 pm","Open","In-store shopping","·","Delivery","https://www.google.com/maps/dir//Schneider+Electric+-+Om+Electricals,+sarai+taki,chhatnag+road,jhunsi,+Prayagraj,+Uttar+Pradesh+211019/data=!4m6!4m5!1m1!4e2!1m2!1m1!1s0x39854b237b0275e1:0x13c8c323cc0edbce?sa=X&ved=1t:57443&ictx=111","Website","https://retailpavilion-in.se.com/schneider-electric-om-electricals-jhunsi-prayagraj-10151/overview","Directions"
"Ayansh Electronic","· Electrical supply store","3.9","(83)","Prayagraj, Uttar Pradesh","","⋅ Closes 9 pm","Open","In-store pick-up","","","https://www.google.com/maps/dir//Ayansh+Electronic,+0878+Mahuwari,+Naini,+Prayagraj,+Uttar+Pradesh+211010/data=!4m6!4m5!1m1!4e2!1m2!1m1!1s0x39854a1665d0228f:0xe6a16080d454330e?sa=X&ved=1t:57443&ictx=111","","","Directions"
"KK Electricals","· Electrical supply store","5.0","(1)","Prayagraj, Uttar Pradesh","","⋅ Closes 9 pm","Open","Delivery","","","https://www.google.com/maps/dir//KK+Electricals,+11,+Bhulai+Ka+Pura+Rd,+Govindpur,+Teliarganj,+Prayagraj,+Uttar+Pradesh+211002/data=!4m6!4m5!1m1!4e2!1m2!1m1!1s0x399ab5830b72d3ff:0xdd498266b81ce465?sa=X&ved=1t:57443&ictx=111","","","Directions"
"New Jaiswal Electricals","· Electrical supply store","4.0","(2)","Prayagraj, Uttar Pradesh","· 093055 22597","⋅ Closes 9 pm","Open","In-store shopping","·","Delivery","","","https://www.google.com/maps/dir//New+Jaiswal+Electricals,+New+Bank+Of+Baroda,+Allahpur,+Prayagraj,+Uttar+Pradesh+211006/data=!4m6!4m5!1m1!4e2!1m2!1m1!1s0x399ab55bca50ed8d:0xa1d806906f9251a7?sa=X&ved=1t:57443&ictx=111","Directions"
"Reliance Digital","· Electronics store","4.4","(4.8K)","Prayagraj, Uttar Pradesh","· 079775 84680","⋅ Closes 10 pm","Open","","","","https://www.google.com/maps/dir//Site+No+47,+Reliance+Digital,+%26+A2,+Sardar+Patel+Marg,+Civil+Lines,+Prayagraj,+Uttar+Pradesh+211002/data=!4m6!4m5!1m1!4e2!1m2!1m1!1s0x399acad9a556780f:0x812d3687d8465dd5?sa=X&ved=1t:57443&ictx=111","Website","https://www.reliancedigitalstores.in/reliance-digital-sp-marg-allahabad-up-electronics-retail-and-repair-shop-civil-lines-prayagraj-208721/Home?utm_source=locator&utm_medium=googleplaces","Directions"
"Amar Jyoti Electricals","· Electrical supply store","3.0","(3)","Prayagraj, Uttar Pradesh","· 093353 17790","⋅ Closes 9 pm","Open","In-store shopping","·","Delivery","https://www.google.com/maps/dir//Amar+Jyoti+Electricals,+16,+Grand+Trunk+Rd,+Mundera+Bazar,+G.T.+Mundera,+Harwara,+Dhoomanganj,+Prayagraj,+Uttar+Pradesh+211011/data=!4m6!4m5!1m1!4e2!1m2!1m1!1s0x399accb9321bc8b9:0x2436c4f9476dc291?sa=X&ved=1t:57443&ictx=111","Website","https://www.instagram.com/amarjyoti.mundera/","Directions"
"Swami Electric Spares","· Electronics store","4.7","(3)","Prayagraj, Uttar Pradesh","· 089535 83284","⋅ Closes 8:30 pm","Open","In-store shopping","","","https://www.google.com/maps/dir//Swami+Electric+Spares,+Jagdamba+Market,+298,+ShahGanj+Electronics+Ln,+Prayagraj,+Uttar+Pradesh+211003/data=!4m6!4m5!1m1!4e2!1m2!1m1!1s0x399acacde3e6b811:0xeaea08c157bbc84c?sa=X&ved=1t:57443&ictx=111","","","Directions"
"Public Electric","· Electrical supply store","4.8","(4)","Allahabad, Uttar Pradesh","· 099350 51008","","Temporarily closed","","","","https://www.google.com/maps/dir//87P7%2BJGX+Public+Electric,+Near+Bank,+Baraut,+Allahabad,+Uttar+Pradesh+221502/data=!4m6!4m5!1m1!4e2!1m2!1m1!1s0x398ff9194addfdf7:0xd79c922412651e72?sa=X&ved=1t:57443&ictx=111","","","Directions"
"M Kumar solar Energy","· Solar Energy Company","4.9","(9)","Prayagraj, Uttar Pradesh","· 093076 55519","⋅ Closes 8:30 pm","Open","On-site services","","","https://www.google.com/maps/dir//M+Kumar+solar+Energy,+90A%2F1B,+near+Prayag+nursery+school+Pani+ki+Tanki,+J-1,+Bhawapur,+Prayagraj,+Uttar+Pradesh+211016/data=!4m6!4m5!1m1!4e2!1m2!1m1!1s0x399acb490142e6ef:0x79f64dfac64aee24?sa=X&ved=1t:57443&ictx=111","Website","http://www.mkumarsolarenergy.com/","Directions"
"Umar Electricals","· Electronics store","3.9","(11)","Prayagraj, Uttar Pradesh","· 070077 02230","⋅ Closes 9 pm","Open","In-store shopping","·","Delivery","https://www.google.com/maps/dir//Umar+Electricals,+65,+Stanley+Rd,+Myorabad,+Prayagraj,+Uttar+Pradesh+211002/data=!4m6!4m5!1m1!4e2!1m2!1m1!1s0x399acb6af66aa37d:0xe74491290e186687?sa=X&ved=1t:57443&ictx=111","","","Directions"
"V R CORPORATION","· Electronics store","4.6","(9)","Prayagraj, Uttar Pradesh","· 094152 89968","⋅ Closes 8:30 pm","Open","In-store shopping","·","Delivery","https://www.google.com/maps/dir//FR3M%2B8MC+V+R+CORPORATION,+Civil+Lines,+Prayagraj,+Uttar+Pradesh+211001/data=!4m6!4m5!1m1!4e2!1m2!1m1!1s0x399acac358129b0f:0x1c673088f36a24a4?sa=X&ved=1t:57443&ictx=111","","","Directions"
"Nand Motors","· Motor scooter dealer","3.4","(137)","Prayagraj, Uttar Pradesh","· 075051 61646","⋅ Opens 11 am Sun","Closed","Delivery","","","https://www.google.com/maps/dir//3B,+Nand+Motors,+1G,+Bank+Rd,+Old+Katra,+Prayagraj,+Uttar+Pradesh+211002/data=!4m6!4m5!1m1!4e2!1m2!1m1!1s0x399aca9a65a0d9bb:0x646006a7b2d3df33?sa=X&ved=1t:57443&ictx=111","Website","http://www.facebook.com/nandmotor/","Directions"
"GREEN LIGHT SOLAR ENERGY","· Solar Energy Company","5.0","(6)","Prayagraj, Uttar Pradesh","","","Temporarily closed","","","","https://www.google.com/maps/dir//GREEN+LIGHT+SOLAR+ENERGY,+Mewa+Lal+Ki+Bagiya+(Canara+Bank+ke+Samne,+Naini,+Prayagraj,+Uttar+Pradesh+211008/data=!4m6!4m5!1m1!4e2!1m2!1m1!1s0x398535d56bb413ff:0x4055ca627625dcf3?sa=X&ved=1t:57443&ictx=111","","","Directions"
"Gupta Light House","· Store","","","Prayagraj, Uttar Pradesh","· 081818 69086","Temporarily closed","No reviews","","","","https://www.google.com/maps/dir//Gupta+Light+House,+360A,+Old+Katra,+Prayagraj,+Uttar+Pradesh+211002/data=!4m6!4m5!1m1!4e2!1m2!1m1!1s0x399aca9baaaaaacb:0xfe9bc71f3c3a9da2?sa=X&ved=1t:57443&ictx=111","","","Directions"
"Hindustan Electricals","· Electrical supply store","5.0","(2)","Allahabad, Uttar Pradesh","· 090264 35307","","Temporarily closed","","","","https://www.google.com/maps/dir//Hindustan+Electricals,+Near+Tehsil,+Nehru+Bazar,+Phulpur,+Allahabad,+Uttar+Pradesh+212402/data=!4m6!4m5!1m1!4e2!1m2!1m1!1s0x399aae80ae5b130f:0x72480be66ab823f6?sa=X&ved=1t:57443&ictx=111","","","Directions"
"M k Electrician","· Electrician","","","Prayagraj, Uttar Pradesh","","Temporarily closed","No reviews","","","","https://www.google.com/maps/dir//M+k+Electrician,+above+Vidhayak+Aashirwad,+Kanpur+-+Allahabad+Hwy,+Civil+Lines,+Prayagraj,+Uttar+Pradesh+212507/data=!4m6!4m5!1m1!4e2!1m2!1m1!1s0x399acbc2396c8377:0x87cac3cbf0fb6e8e?sa=X&ved=1t:57443&ictx=111","","","Directions"
"Pratima Electricals","· Electrical supply store","5.0","(1)","Allahabad, Uttar Pradesh","· 097938 77715","","Temporarily closed","","","","https://www.google.com/maps/dir//87P8%2BP3Q+Pratima+Electricals,+Near+Baraut+Bazar,+Grand+Trunk+Rd,+Gandhi+Market,+Baraut,+Allahabad,+Uttar+Pradesh+221502/data=!4m6!4m5!1m1!4e2!1m2!1m1!1s0x398ff9193ffd1559:0x9a64ab5847de57ec?sa=X&ved=1t:57443&ictx=111","","","Directions"